Index,Category,ItemName,RUID
hair-1033,hair,검은색 토벤 헤어,29246028db7642baba92689a1ef777bb
hair-1753,hair,파란색 토벤 헤어,497a3ffc40ce4d61a7cbbb17d9348112
hair-2844,hair,노란색 토벤 헤어,76d17213c8274e6f988d82b94ba38d3b
hair-2935,hair,갈색 토벤 헤어,79d761febc59438dbcf8998469cfff31
hiar-3443,hair,초록색 토벤 헤어,8f369bde3dea4010adc5bb7b114af49d
hair-5725,hair,주황색 토벤 헤어,ec0ba57eb6b440398ca023912d9a6307
hair-5950,hair,보라색 토벤 헤어,f52b79738eec4bf9a6b3760c037a10c9
hair-5103,hair,빨간색 토벤 헤어,d3536052ff9a4d3fb8748dc464e6fd8b
hair-6515,hair,갈색 블링 토벤 헤어,44e7d54deac3405986c1e0cfda95235c
hair-7101,hair,파란색 블링 토벤 헤어,c3450b13275748b296713b3676efd655
hair-6665,hair,빨간색 블링 토벤 헤어,62e9d4bbbda9429888335d8f790b8fd1
hair-6605,hair,주황색 블링 토벤 헤어,55eab4d32a634a53a7774ee4b3c0e509
hair-6920,hair,노란색 블링 토벤 헤어,9e0dee18898a495e89b3da0aaa8af028
hair-6967,hair,초록색 블링 토벤 헤어,a7f28177d0b2460589d2c54d42028ab0
hair-7314,hair,검은색 블링 토벤 헤어,f36d935625384b948f311abd9f7b3318
hair-6690,hair,보라색 블링 토벤 헤어,680b307ed4564239bad256434ae2ebb8
hair-4362,hair,노란색 더벅 헤어,b36e0740d11a45f3a8468c970a8e5030
hair-2117,hair,갈색 더벅 헤어,58c3b945730847559ae650dfe3523f11
hair-2045,hair,초록색 더벅 헤어,559d7fcec75a4e75b8da9fbce484e57f
hair-5832,hair,파랑색 더벅 헤어,f1034bb053cf436f84e945719faaa284
hair-2906,hair,주황색 더벅 헤어,788046f9096941ad9742a9c49f97d256
hair-5572,hair,검은색 더벅 헤어,e5e4af6a741d4ea091bc9065aeaa481a
hair-3318,hair,빨간색 더벅 헤어,8954580067a8403e9ca98c9714aacb72
hair-5822,hair,보라색 더벅 헤어,f0a54f7ece6242fa9a08bcf576d39f65
hair-2430,hair,빨간색 빡빡 헤어,668e30af440c4134b5904aa00ba267e3
hair-1438,hair,노란색 빡빡 헤어,3b11130955df4af3966541d090ad6439
hair-2141,hair,파란색 빡빡 헤어,59c80827cb3f45df93c280c3123abdec
hair-6009,hair,보라색 빡빡 헤어,f80fd445fbe34fcf976de477a57ae17e
hair-4097,hair,초록색 빡빡 헤어,aa0546137280419ab914c2a41591a4b1
hair-4658,hair,갈색 빡빡 헤어,c0d58b3285834512a33f9306214485f0
hair-6160,hair,주황색 빡빡 헤어,fd1ed034f0fd4001baef18d0811e0646
hair-2494,hair,검은색 빡빡 헤어,692bba4337e54cca9c53dccbf3fb6e7f
hair-4804,hair,노란색 깜찍이 헤어,c631efeb1c0449a6ad747c7dbc4fae94
hair-4784,hair,갈색 깜찍이 헤어,c5be4612f95a4d1894597ca73962bbc2
hair-1071,hair,주황색 깜찍이 헤어,2ad979a0e13e4197a403205596d683a8
hair-2106,hair,빨간색 깜찍이 헤어,5884c65e962446f598719351d481f4b7
hair-5205,hair,보라색 깜찍이 헤어,d7acdde8c8104f2a9cbdd028e0beb829
hair-3594,hair,파란색 깜찍이 헤어,9545aec17dc34ec9a5cd81a13c6ceccb
hair-2222,hair,검은색 깜찍이 헤어,5d865f6991ca4e9abf0b0116a849769c
hair-4944,hair,초록색 깜찍이 헤어,ccdac86e7ee04cc08353949e8708c66c
hair-3986,hair,주황색 바람 헤어,a4b1b4c09772495988c98a0f0a3a5e36
hair-296,hair,검은색 바람 헤어,0b5936c1b9e9420fabcfd80cb4ca7810
hair-6104,hair,빨간색 바람 헤어,faf4aff1742a4b1a91aed8f0ec41e701
hair-5886,hair,파란색 바람 헤어,f2754e14afd442ab845411a7b00d26af
hair-3970,hair,보라색 바람 헤어,a43acbc7502b4027b77cd5a5dc5b452e
hair-5945,hair,초록색 바람 헤어,f4bc98bdb14d480296cecf21f84bea8c
hair-3161,hair,갈색 바람 헤어,83380b1e380a4dba97fa6a621cdecd0c
hair-5657,hair,노란색 바람 헤어,e85fe71974d743ed98a6f842277e1d9c
hair-2248,hair,주황색 웨이브 헤어,5e9d3e93b72c474485d7d58d1426de75
hair-4676,hair,노란색 웨이브 헤어,c1b9e2a56a40416bb8d66a3b5880da68
hair-4563,hair,초록색 웨이브 헤어,bc55b9234def473896de398e7f06a45b
hair-3137,hair,파란색 웨이브 헤어,82ad6ef45ca04dccbfa13215b791be02
hair-832,hair,빨간색 웨이브 헤어,211276bba6ef428298193fe2610b8ad9
hair-2172,hair,보라색 웨이브 헤어,5aaa6c0211e84d11aad3486191677557
hair-1719,hair,갈색 웨이브 헤어,46e86131aaed4b859cb993284023a3c6
hair-1221,hair,검은색 웨이브 헤어,308d5d5fda0f4ded9511927bcfc192cf
hair-4907,hair,파란색 땋은 헤어,cafdcb1cf96c4de4a6ce0bcb280a7b23
hair-1350,hair,보라색 땋은 헤어,3687b0edee6f4c28b24ec4bfdd174eb8
hair-3202,hair,검은색 땋은 헤어,84e889dedea644699238d7411ac26e22
hair-4648,hair,갈색 땋은 헤어,c04e646c855044ce9d1ec5c71a0b0da4
hair-1781,hair,빨간색 땋은 헤어,4a470cf0eacf44cea65b5e6797ecb618
hair-5807,hair,주황색 땋은 헤어,efacd015b1b446d0a4829c1858b472f2
hair-3164,hair,초록색 땋은 헤어,82fd8c68ba604e0a86e978c6235a24d8
hair-3908,hair,노란색 땋은 헤어,a1a20db095474e52965ad20cfafd523a
hair-1597,hair,초록색 삐친 헤어,42337e4529854ba18f92908116a64717
hair-2739,hair,파란색 삐친 헤어,73205e5e83154bd88af4bc5494bf4634
hair-1034,hair,갈색 삐친 헤어,2897515bef3e49fdb50a1a4a3df2da09
hair-5996,hair,노란색 삐친 헤어,f778b2894be24613bd4d5bfd82c0cbe6
hair-2708,hair,보라색 삐친 헤어,71f796a3da824d5582e3f0971dcb67eb
hair-2564,hair,검은색 삐친 헤어,6bc2f50a748a4787a04472e2f789f177
hair-6040,hair,주황색 삐친 헤어,f922f3d6e76646828894d55fd28f974b
hair-1273,hair,빨간색 삐친 헤어,33c06473897a47d794524168b23aa987
hair-4376,hair,갈색 단발 헤어,b4026d4b793744f39d671878290c5630
hair-2696,hair,파란색 단발 헤어,7118233aa1a6447898d64b43e91dcc34
hair-5263,hair,노란색 단발 헤어,d98d69f763e641c48e412617ecb9d39c
hair-507,hair,보라색 단발 헤어,13c233fcc73845a488f0d07aed45dea2
hair-2623,hair,초록색 단발 헤어,6e87791baa4242b1acf1179db6f7e927
hair-2647,hair,주황색 단발 헤어,6fa11040b0974a8daf0d5a1bbf36a7cc
hair-3464,hair,빨간색 단발 헤어,8fd195c9ab2e4a0fa6830df20b19f9ff
hair-915,hair,검은색 단발 헤어,242e9d3ac440429b8dc35a268b16ab54
face-1197,face,빨간색 도전적인 얼굴,597421811c014fe5b783511f8958c99e
face-1570,face,노란색 도전적인 얼굴,73748f726ab94e87b21ac9e27fbbca4d
face-1237,face,하늘색 도전적인 얼굴,5b45e25c61fa459f89d4d098f1af8c24
face-1800,face,검은색 도전적인 얼굴,8355ad1710e04ea3b1fc800951caa977
face-3211,face,초록색 도전적인 얼굴,ec8f260dd7b042cd86b85a95c3482218
face-913,face,분홍색 도전적인 얼굴,4397ab8165154a09b1b6e0598b83bb81
face-2836,face,파란색 도전적인 얼굴,cff6f4f5a9174bfcb2286430c5976b83
face-977,face,보라색 도전적인 얼굴,48296e0e74db4ea89c883a784aebaea2
face-2219,face,보라색 자신적인 얼굴,a41b8ac2b5de4d0492dedb7533b361b1
face-710,face,노란색 도전적인 얼굴,2c8e191a2b184091b14903f65aa5b1ce
face-1764,face,초록색 도전적인 얼굴,81540bcb2e9a4d8a90db2ab69befb021
face-3405,face,빨간색 도전적인 얼굴,fb5833c65f7841d0b319dec6b83cb4bc
face-2072,face,하늘색 도전적인 얼굴,98cbfcfe1d4d46b2bc74de3584b697a1
face-547,face,분홍색 도전적인 얼굴,27f959ec4e8f4ea0bc02a2c38bf424c3
face-3130,face,검은색 도전적인 얼굴,e69d98d5e19647c092da7ae183d5d954
face-2070,face,파란색 도전적인 얼굴,98b0b7d6aef2491083e0df2427c9ce82
face-2250,face,검은색 신중한 얼굴,a614bf8a7ee94946be3da3ec71297320
face-2237,face,초록색 신중한 얼굴,a5523c92bab145eeaf70757a5bb9ce3c
face-1758,face,파란색 신중한 얼굴,80adfb9d950f4184be96b248a48aee24
face-1285,face,보라색 신중한 얼굴,5f885b924ae24e5798f02f8b10c73041
face-2970,face,분홍색 신중한 얼굴,da3ffc8370f540b2aa9fd8d8688e4b06
face-1366,face,갈색 신중한 얼굴,64e4ffffcd954fd98adee180022c1bec
face-549,face,하늘색 신중한 얼굴,29050b648ef64d68a57b8e7188819c28
face-1623,face,빨간색 신중한 얼굴,7753d136e544465abf200578ac948983
face-496,face,분홍색 도전적인 얼굴,245f858f2ee041e69921f0a25ad7f3c2
face-754,face,하늘색 도전적인 얼굴,38d8f62fee704a059e8c1917e1b0a1c9
face-244,face,보라색 도전적인 얼굴,1212dffa9f6c4988bffd7522114e4021
face-1754,face,빨간색 도전적인 얼굴,806ea2b0d7d145199e1d564abe5977dc
face-1496,face,파란색 도전적인 얼굴,6ea978f14bb243c0a5311a915e05e688
face-2856,face,노란색 도전적인 얼굴,d174db3f18e441d4aee1dac8cdb09d46
face-1513,face,초록색 도전적인 얼굴,6ff6488192be46d5b5284b78f2a8001e
face-1489,face,검은색 도전적인 얼굴,6df05720ed22444892d506b8205ddcba
face-676,face,빨간색 신중한 얼굴,3211f3dd482c41f8b0ca4956e04fe0d8
face-2802,face,파란색 신중한 얼굴,cddb50df7da040a9b74cc2b4024ea6e7
face-2076,face,보라색 신중한 얼굴,98e8a92854f34c75bb5369831a221962
face-1336,face,검은색 신중한 얼굴,636f9445fddc45e092461c07540b8f9e
face-3458,face,분홍색 신중한 얼굴,ff9a0212170240e79e89afdd52d278a5
face-1187,face,하늘색 신중한 얼굴,5897f7146ef84b708cd486ee2c82e663
face-2379,face,초록색 신중한 얼굴,ad4ca252c1124cb98097fd9ea7a1ad5d
face-1927,face,노란색 신중한 얼굴,8dfe689e685a4de9b42ecd4a326293a8
face-2753,face,빨간색 지적인 얼굴,ca5f6e8b326c4c1ab8de259b7d8667b9
face-789,face,보라색 지적인 얼굴,3b9b79def7f84adf8b479569a69e8e26
face-2051,face,노란색 지적인 얼굴,9705b9729089407da94abdfd2c47bb79
face-408,face,하늘색 지적인 얼굴,1d77ac8949204539b8d51b3ba36e5c9b
face-81,face,검은색 지적인 얼굴,058c6f40fd584badacb6cedaae2e1624
face-3005,face,초록색 지적인 얼굴,dce25c3aeb8740b4a5907aaaeee7679f
face-2419,face,분홍색 지적인 얼굴,b0cab24cef6e420dac1a03bdfa79eb25
face-914,face,파란색 지적인 얼굴,43aceef7ad384fad84cd4010657fb84d
cap-510,cap,노란색 야구 모자,42c78fc4e501443fbbe99f38f792193a
cap-1211,cap,빨간색 야구 모자,9c7ca573618e4e588ea5c3409952d60b
cap-901,cap,주황색 야구 모자,727f173bfe994270b757066c5f348022
cap-1472,cap,검은색 야구 모자,c208edc50fa742eda81aefdbacbb3044
cap-486,cap,파란색 야구 모자,3e70801c051a4e039b1838ccf6600ed3
cap-1874,cap,초록색 캠핑 모자,f6965e70c15243f2a164164791d91352
cap-1325,cap,분홍색 캠핑 모자,ad6cd1bc27fd461fb9c537c8aeac2717
cap-1594,cap,파란색 캠핑 모자,d309a5512c75487bafc8e8c25c1bc854
cap-1039,cap,빨간색 두건,8408a7ee812f4327bc4c29220cd4d2b5
cap-1582,cap,주황색 두건,d2427d5fbc094df0b95162ba3fa908c2
cap-1575,cap,파란색 두건,d09cb496cf864d11b9ce6031b066a4d3
cap-1358,cap,두건,b4f5172724b44a1eb8b535c576855003
cap-319,cap,검은색 두건,27ec0a7cbc4a4b3f8ebe95afbbbf4f4c
cap-497,cap,분홍색 두건,408dad169eca4c7bb242b2eb818f1173
cap-94,cap,회색 두건,0be437e0a99641f0aab38a7fab4d9f89
cap-860,cap,노란색 두건,6cbd0f98dd9a44a9abe54c7008be475e
cap-1285,cap,초록색 두건,a710755f013746dc9839dfdeda521e00
cap-252,cap,보라색 두건,2122dab5ddf14b1fb92551a73f1d378a
cap-1329,cap,여행 모자,aea9c698fa2a4610b90aedfb80b8f2fa
cape-448,cape,빨간색 보자기,bd24352eca5549c38f054f29e745ecde
cape-139,cape,파란색 책가방,39f0f299d3044d55afe09aac8fd0a915
cape-665,cape,병아리 책가방,8789fe4080a94125b060e78e2181433d
cape-888,cape,개구리 책가방,ae10cc889e7b40b98c82fceb2ebf7be0
cape-22,cape,신문지,06dc1ba50bda4ed4a14fad070d4d458e
cape-491,cape,길잃은 아기고양기,d0d61f9fb5d44f758a7d48c0b88267c5
cape-526,cape,거북이 등껍질,e16d0b3d1d5a4994ac70a7243dbcd110
cape-633,cape,다람곰 탐험단 배낭,dc07686c37184895af7e48b3a3669736
cape-685,cape,뭉실뭉실 꼬리,76760a99bb4c4b59a7c912c2a0396778
coat-445,coat,하얀 반팔 면티,ae8d3590a96e48c3b7cd75d46ebd3f15
coat-42,coat,회색 반팔 면티,0f6cde6c490d4176988a9a4651459f0f
coat-90,coat,파란색 원라인 티셔츠,1e50dcf2da074fd2bff595984e3cc4b2
coat-250,coat,주황색 스포츠 티셔츠,62868777c94e4334a14416f4cba5b8e7
coat-14,coat,RED 티셔츠,046722232c5043eb9334fb14fa007fe2
coat-470,coat,하얀 면 나시,b9ff114114a2473d8a76d75de39633ed
coat-553,coat,화이트 티케T,e13265ae5d984fcdb8d3b964f29285be
coat-641,coat,다크한 내복 상의,b0338ec4d675433d8f27bca9538b9b41
coat-644,coat,신비한 내복 상의,f650ea35de7349f59c5e7d8eaea97f59
coat-632,coat,냉철한 내복 상의,49dcb568c5b34cf8ac001138381a995a
coat-630,coat,상큼한 내복 상의,054011f928f44c34a08e8e9989d14ba3
coat-631,coat,찬란한 내복 상의,42f1a3ec2d8f4534a7ff6d346ec817b7
coat-633,coat,정열의 내복 상의,51c97a5180a146fb910f5f1a6b89bf16
coat-303,coat,레인보우 니트,78ac0f0011204454bf9c4b8437c1a163
coat-292,coat,누더기 상의,743ac49a88c14df9bd0b1d8bbdabec53
coat-600,coat,하트 슬리브리스,f4c509979c894183b2bc09a81d0a0531
coat-240,coat,노란 반팔 면티,5dcea1068cc8417aa79d76554e7ce07a
coat-163,coat,초록 반팔 면티,3d91af69c6fb40a79d8d1075cd3bd884
coat-491,coat,빨간 줄무늬 티셔츠,c29cd3fba98748f7881eb4ae470fa7ad
coat-432,coat,분홍 별무늬 티셔츠,ac3d0c19352947688534ef23a53d4aea
coat-437,coat,RED 티셔츠,acfa96e8c9b244589b724b46f302b8b1
coat-702,coat,랄랄라 핑크티,734160c49ba34e3ca2df6d617c6e03f0
coat-336,coat,빨간 줄나시,84d7e29d5567403691c022c6162ffc9c
coat-584,coat,탱크탑,ee7672943d544d299fe2f02b8604d8b4
coat-411,coat,핑크탑,a1e00ed180704baca0c41faa6a595491
coat-588,coat,핑크프릴 파자마 상의,f184ef2e2ec946d3b3ca0f3bda523f0e
coat-47,coat,핑크 프릴 반소매,10210d8002524f69adc6f99635c7270b
coat-260,coat,아이돌스타 리본탑,65ed2a9fe41646d3ae4700655e1287e8
coat-225,coat,블루 프릴 슬리브리스,58953a7f869548f084f6619ccbe8a0a6
coat-379,coat,하트 슬리브리스,94d82d8a99224709bf9ff5cb99805635
coat-541,coat,옐로우 프릴 슬리브리스,d9e9948624a54255b079df8dba096f47
pants-195,pants,청색 면 반바지,61f10ef0a6204e0ab6593bdf36fed3e5
pants-237,pants,갈색 면 반바지,772e47a394214ae397fbc37805f095b8
pants-173,pants,평범한 청반바지,568608feb9c24b2eae4ee77934a2569f
pants-330,pants,카우보이 바지,a40eb7df07d94357a2bb8cd61ff199c1
pants-214,pants,아이스 진,6e3b57f318d142f6801778e1ee20efe3
pants-41,pants,위젯 별거없는 정장 바지,14a357fd2c224b59a866b381cb7a93fb
pants-513,pants,워싱진,f90f75cfb35b41a8b3f91a63f096371e
pants-493,pants,찢어진 청바지,eefb508ac8d64604ac70a89ffce36c1c
pants-442,pants,화이트진,d61aa9f1adfb4f6785a40d3e88b66cdf
pants-394,pants,스카이블루 빈티지진,c0a12870e92c4c2a8e7069c5a938b45f
pants-273,pants,찢어진 라이트블루진,881d8c8a74f84989930f141521b0e9db
pants-137,pants,찢어진 블랙진,433d3f3213fb47d29b17dfda924ebde0
pants-89,pants,오션블루 워싱진,2a92d6bd07ae4e36bd43ecc4a392c678
pants-412,pants,바캉스 캉캉 팬츠,c6d782319eda46919719dd67d664ade7
pants-521,pants,랄랄라 도트 스커트,fc029b9acf0d438490a304abb57bdf02
pants-446,pants,플리츠 스커트,d6abc87747ee4b328622d6764439fba1
pants-485,pants,청 주름 치마,ec09c11419964b6eab67a5751c9964b3
pants-509,pants,빨간 미니 스커트,f845b75be03d46fdb685dd9fc65f608a
pants-357,pants,남색 미니 스커트,ae63ca32c4c0455fb8c159ac6c84b0fc
pants-475,pants,파란 세일러 치마,e850ea921ff3425099719da8de9d0793
pants-93,pants,빨간 세일러 치마,2b60545bff2649da9aa5b37d7df99da4
pants-16,pants,옐로우 아벨린 치마,06c99ad8b39b4a7e98e55daafc0ef087
pants-262,pants,노란색 미미 스커트,828b272dd9f44b468bca78e3a45b52e1
pants-4,pants,파란색 미미 스커트,027a17c5cbe945b9be344340350b11d2
pants-311,pants,분홍색 미미 스커트,9a8b159ff7724ec6b46967a4e64dac41
pants-302,pants,랩 스커트,96c863f1957d47aea4927263028aeb24
pants-153,pants,그린 플리츠 스커트,4a87bb5f286d4bf8ad5055b94158ae13
pants-385,pants,옐로우 버터플라이 스커트,bdbef99e8a2241dab92f1d6b17785529
pants-283,pants,주름 호박치마,8c8e44fbecb347b5882e974d1f142d78
pants-115,pants,데네브 스커트,35cdc64ceb1b428ebf604e0fb118bde6
pants-218,pants,평범한 청치마,6ee61b8f8991469ca378dd2bb91c2f69
longcoat-1418,longcoat,도넛 쇼핑백,1065ead5ea1a4fb082943c820449a0d8
longcoat-1461,longcoat,붕어빵 봉투,40cdfd67dadf461e9beaac52f85429bd
longcoat-1521,longcoat,하트 눈사람 퍼코트,93f28f45fa62409295486dce38b67dc0
longcoat-1598,longcoat,바삭 튀김 옷,eda4b0f3d18a4bfe8db0c44e7aaf6e49
longcoat-1383,longcoat,알이닭,fc7b2aa847564ecbbeaef918a562c63d
longcoat-54,longcoat,단감 옷,0858e3dba9fb4fd3a20273cdeddff5ce
longcoat-327,longcoat,하프물범 인형옷,3b0b3df5d46a4eccadf20826fe0e2f55
longcoat-473,longcoat,블랙빈 슈트,58170d20df424c33afd79b38ade4fb74
longcoat-188,longcoat,핑크빈 슈트,22ab95fb9c3c4539b04d6a540f464e79
longcoat-597,longcoat,꿀벌옷,706b3bd50e5a42359496159dcd349a21
longcoat-1135,longcoat,큐티카우 슈트,d12e41e423434dff81374b50496ee30b
longcoat-888,longcoat,큐티버크 옷,a5c673eacad84f9391d6fb783b74d031
longcoat-1370,longcoat,호돌이 인형옷,f9d51923753c4806b29cf61f79e939e3
longcoat-1152,longcoat,토마토 옷,d33addf01f184ae58e3106be4849f31d
longcoat-702,longcoat,비누 버블,830e49ee735e49d883805cc7709120ea
longcoat-1326,longcoat,월묘 옷,f2efca8301034a82bf4609db144ce4da
longcoat-928,longcoat,눈사람 옷,acf2176dceba4e5a95a956e917e49550
longcoat-1137,longcoat,오리 인형옷,d1289c2ec6e0451a9112aeb1e88d1b16
longcoat-861,longcoat,골판지 박스,a007ae3c7b2b4cd2827386c37f3e4a67
longcoat-531,longcoat,종이 박스,6559d81952b34d43851881dafb9df691
longcoat-1186,longcoat,재생지 박스,d8f7cbcfc7ac4404a6ae8378fdd41c43
longcoat-1221,longcoat,오렌지 타월,e204f6c6c2194a3a8788aed9cde931f7
longcoat-233,longcoat,목욕타월-노랑,2c80176b5581404ea7830acc3dcb354f
longcoat-596,longcoat,목욕 타월,7038b130fdc14d7782a50466007c714d
longcoat-488,longcoat,빨간색 수영복,5c8e72921252406e918108e1504c0aff
longcoat-980,longcoat,흰색 수영복,b5dd8366a6a74dc0a31f6050c2008e03
longcoat-823,longcoat,빨간색 가운,99891139423b47f6b3cbb4676e74b5a2
longcoat-73,longcoat,블루타월,0e062f63d7f74274a7131a3a2509f0e4
longcoat-156,longcoat,블랙 삼각 수영복,1bd10451b9ca480dbb801c6d16aa7dd8
longcoat-1021,longcoat,블루 삼각 수영복,bc4a426a03604135bbf6a551950138b2
longcoat-1328,longcoat,남자 목욕 타월,f3efe8565edf4e0585c15d0dcf7fe546
longcoat-384,longcoat,골판지 박스,46048ebc28b14f568e7ee2c278fc3e5d
longcoat-309,longcoat,파란색 가운,3981fe513b8a43e1a1f0b58807aa7792
longcoat-35,longcoat,부르스 타이즈,053fc99d7b9a4abfaff60a6347c73c0f
longcoat-1047,longcoat,흰색 검도복,c19246603ccf4c19a1aa6cfcc72d1222
longcoat-700,longcoat,빨간색 검도복,834a166ce75747e9af502faa641f9ef6
longcoat-999,longcoat,파란색 검도복,b948261f5f6f445887eff1c1243115cc
glove-87,glove,노가다 목장갑,2e58683f2f094f099a0813c36e278dd5
glove-287,glove,검은새 노가다 목장갑,a531690a2b784c479db4b78a29f2388f
glove-347,glove,갈색 노가다 목장갑,c83ece96cbbc45bba72dbf017b8c2141
glove-368,glove,보라색 노가다 목장갑,d5c2261583544b848913a1e174af9c45
glove-153,glove,파란색 노가다 목장갑,54b3e59be04a47ccac1edc8b46eed8d7
glove-342,glove,빨간색 노가다 목장갑,c5866fb63e314af8a8df4e687eec428d
glove-39,glove,노란색 노가다 목장갑,14d7712cd2534b99a1d8253a1bb3f2c5
glove-475,glove,눈사람장갑,7cc34eefd9944edf8678b844959dbb1c
glove-307,glove,브라운 레더 아머글로브,b1e8c6a49eb8452d98f95009739b73fd
glove-42,glove,하드레더 글로브,1654e3e6f2a54baba7e067711ecf0a70
glove-319,glove,브라운 바르비,b6e5e9c3a2e04ca3a66ce5626ef91da4
glove-99,glove,흰색 붕대,db1d59bfb4ce41eba98014159c7f67ea
glove-382,glove,갈색 붕대,37b9617cb87f45d78b438124c35a2b6d
glove-192,glove,검은색 붕대,6bdf93a99f7a4a6e8e05eccb11dac112
glove-333,glove,가위손 장갑,bd7cecf8c4e94580983c99329277d97e
glove-442,glove,명품 클래식 시계,f7a72a4b1ba04a6cb9b93006eaecfcb9
glove-481,glove,하프물범 인형장갑,cfba9949fe4045afa226c6fca69f03f4
glove-483,glove,비숑 장갑,e0665011d5e44e2194b7cf02c80336a1
glove-392,glove,분홍색 펭귄 장갑,d62f6ddb6bfd429d9080afdab5dbb691
glove-485,glove,파란색 펭귄 장갑,f05a35544bb54e21bbfc2aec5167b898
glove-486,glove,부리부리 부엉 인형장갑,f898e326f6bf4d599303f69773e12e0a
shoes-992,shoes,낭만 스니커즈,64346fc007844d9fa2fc9cd1f19fe3c3
shoes-991,shoes,다람곰 탐험단 구두,627f45ea5a97458b9e9c100e2c1f46d8
shoes-422,shoes,후냥냥 니삭스,7bd7e14aae174689b7ee002812c54dd7
shoes-801,shoes,단호한 철퇴 구두,dbe935d05d2a4c2ca59e860d89f9a0da
shoes-344,shoes,할로퀸 구두,65ff9d6b6df84499a21af6bab1685d43
shoes-989,shoes,봄 바람 운동화,5dca589433a84d2abaac52112d9fd5dc
shoes-1021,shoes,푸른 악몽 구두,a96e113ab7b54ce280772e6f7dcfbc74
shoes-967,shoes,보라 구두,342e9601c23448c6a43bc8ab17dbdeed
shoes-971,shoes,요미 신발,3ce41446d9d5475286a96635c4a14248
shoes-566,shoes,쿨썸머 오리발,9d87c7fff1ad40e8adec95b52c340d30
shoes-455,shoes,메이플 트렌디 슬립온,81faf5f451f14e2c9883e8a98ff16b51
shoes-720,shoes,딸기 스니커즈,c7e9e800d2b3498a81e14741453b29ad
shoes-686,shoes,노랑장화,bf6b45c826394fcdbff8cdbcb9edfbfc
shoes-940,shoes,말랑크림 슈즈,ff4d9f721a4f412db2463d8eaf909b3a
shoes-431,shoes,환상 해변가 슈즈,7cb821efb08743718fcdcb1d444daaa1
shoes-625,shoes,시크릿 은월 부츠,ad4f150cd3744fabb9e1dd4e703b9017
shoes-303,shoes,뛰어! 운동화,5b7452a79cd44f01baa68407936a4b35
shoes-49,shoes,펜살리르 배틀부츠,0f1991a4e28549de9ab56a67fbfe531c
shoes-168,shoes,데네브 슈즈,3212cbad06ce4c1bab9397e7272f7a49
shoes-906,shoes,무릉 무도관 활동화,f772ed490e534b198bf609f3f521ae09
shoes-785,shoes,베릴 부츠,d7a9a76e987e4384b77a9c80d4cbf56f
shoes-270,shoes,말랑말랑한 신발,520504486538431c9138366054fc204f
shoes-255,shoes,화이트 워커,4dee49e6e42f47df8e8fdacbaef818dc
shoes-151,shoes,아기고양이 슬리퍼,2d0d8e4beded4f15a0d81eff9e79b0af
shoes-432,shoes,짝짝이 스니커즈,7c9735f319dc46f0b45df3bae619c888
shoes-239,shoes,핑크장화,495844a539a04a1c9f435c96fcb7e5b8
shoes-731,shoes,물컹물컹한 신발,ca7f7822742f40abba4368cde7d791f1
shoes-240,shoes,한정판 비치샌들,494f66fc09da45e6bd8beb234c4933df
shoes-488,shoes,탑 슬림 스니커즈,890a7014729f43c08ac59f3c01aeae3c
shoes-574,shoes,오렌지 체크캔버스,9f40cbff1ed24c7b862adf573a0e17f6
shoes-698,shoes,체크 스니커,c270a3f4937b49a1aea9023f9f9b3918
shoes-649,shoes,그린 체크 스니커,b26aa31ff63a42168768cb8c5aae9cdb
shoes-499,shoes,레드 체크 스니커,8bf3af1aaa4e4fb081fa13a2507cb863
shoes-3,shoes,브라운 우든크라그,01cd1fa0dc4f43c48fe05fa31d638812
shoes-250,shoes,브라운 스키디 샌들,4d9767f51010489785ae7c1776d4785d
shoes-143,shoes,브라운 래거 슬리퍼,29c8f66ee7554cc69538f4940e176d18
shoes-266,shoes,폰라의 슬리퍼,519ecd90b6c04fe4bf45db28915b3cea
shoes-382,shoes,꼬질꼬질한 고무신,704c8edd92c74c4fb7b2cee1a85d1b1d
shoes-269,shoes,검정색 고무신,5202ca6410df452c890e5a108084b438
shoes-520,shoes,꽃 고무신,913bb20cd0ea48348153d4750820eb79
shoes-651,shoes,꽃 고무신,b2b670db80674ab29158bbe82394f654
shoes-741,shoes,흰색 고무신,ce5a35d9427f486c96628502eeca6946
shoes-104,shoes,파란색 고무 장화,1caf1454526742ffb9691a0b09800af7
shoes-29,shoes,노란색 고무 장화,092eb437078a48a2b0373673416cee42
shoes-516,shoes,빨간색 고무 장화,8fadf886d86b4d80a891f32bb0abadb9
shoes-117,shoes,가죽 샌들,202544d7095c42c5bfb3046619ab58cc
shoes-495,shoes,산타걸 부츠,8b1551c9b8f64826b4254029c2dd5903
shoes-263,shoes,산타보이 부츠,50ffaaa0e5d94ae9abbf068741d0b3ed
shoes-305,shoes,레이싱걸 부츠,5b83be33261f4d8f82bd410257c2ed7b
faceaccessory-414,faceaccessory,서커스 메이크업,8d488f838f8e40939439f3a97497b958
faceaccessory-422,faceaccessory,아일린 블러셔,edaa60fdb60741b992ab4b6d6b38f744
faceaccessory-408,faceaccessory,흑백영화 콧수염,3131ac60af7442c48a6878e756b305b4
faceaccessory-405,faceaccessory,아이 추워,25f870aa99284a348edb185a836f8fe5
faceaccessory-421,faceaccessory,트윙클 글리터,e00fc6b8703b4178a101eb8ac94ff9c7
faceaccessory-268,faceaccessory,자몽 생크림,af686c529a6649bcaa783c3c40461b0c
faceaccessory-360,faceaccessory,자체발광,e56bfdaf402346a9951e6d1d0977bb0d
faceaccessory-349,faceaccessory,무지개 홍조,dedc5a5620d0483888f7dc3592004a48
faceaccessory-229,faceaccessory,예쁘게 웃어요,9ba3666d82dc4ea69f4f215cf45fa4b5
faceaccessory-181,faceaccessory,태극 페인팅,7f0ba1ebcc4445a69545980f20c62da6
faceaccessory-249,faceaccessory,발그레 발그레,a2f93c4135154c63a0eaae513d46acba
faceaccessory-371,faceaccessory,오렌지 발그레,ed4b295ad0f94055b74cd430fb842a44
faceaccessory-412,faceaccessory,홍조 깨비깨비,5fe31c49c9104832ac11266d9d42d01a
faceaccessory-413,faceaccessory,견습 도사의 수염,6aee2b6bc2464994816260a6bf868467
faceaccessory-384,faceaccessory,볼빨간 추위,f3a2f54089304228a155aea9dd908d76
faceaccessory-163,faceaccessory,딸기 생크림,72707cd05db449a6a85889bb4266d03a
faceaccessory-206,faceaccessory,인형 보라,8d081f60435b47159e1d998ba14da80a
faceaccessory-180,faceaccessory,동글 홍조,7e8de13650fc4fad810685318825b844
faceaccessory-277,faceaccessory,심연의 세례,b39e87088ab449ec8a4dfb11b2d81eda
faceaccessory-337,faceaccessory,별나라 깨비깨비,d74c9c0ec76e4c75a70d9463cf7419f8
faceaccessory-64,faceaccessory,봄 구름 조각,2d1c05b6ee3849fe9555c8217459b7f3
faceaccessory-115,faceaccessory,단감 홍조,55020b83f61c41bbbb5a044e15a3dcb1
faceaccessory-45,faceaccessory,발그레 냥이 코,215d3fb745a940b991603a13442ee82d
faceaccessory-260,faceaccessory,응축된 힘의 결정석,a98c0b7cde1041439c7e310e1d47f123
faceaccessory-389,faceaccessory,레인보우 페인팅,f6ffc78d7b9849babc5b48a610e7fb90
faceaccessory-461,faceaccessory,뾰족 여우 수염,c93647212f9b4bc8a306da1494198820
faceaccessory-184,faceaccessory,흰 볼륨 컬 수염,815fb63eb5514bd7be296fbd2cc26059
faceaccessory-148,faceaccessory,푸른 수염,687bfd0401ef41bcb00b0bbdb127a0cb
faceaccessory-222,faceaccessory,헤이아저씨 수염,962957bc7c7d432f8029843a457be37e
faceaccessory-154,faceaccessory,은빛 신사 수염,6ca4b1fcb1a94e478f647f76f4927f7c
faceaccessory-13,faceaccessory,볼륨 컬 수염,0a0dc33d71394448832e8a097229e385
faceaccessory-135,faceaccessory,울어버린 수염,62ebf59b02f642e493775d1ec3903ad5
faceaccessory-296,faceaccessory,동글 수염,bd8c56a3d331494591b45819a4fc4e61
faceaccessory-248,faceaccessory,암염의 눈물,a1e17bcd99d94125901120b712260755
faceaccessory-125,faceaccessory,장난꾸러기 밴드,5a6dbf4e4c5a484b848fe55db51d30b1
faceaccessory-140,faceaccessory,가슴 두근 립,652941f98648412fb5bd2850a4209a92
faceaccessory-112,faceaccessory,손바닥 얼굴장식,5395e91c5d9e4f80bc754ee9e155e5eb
faceaccessory-218,faceaccessory,제너레이트 마크,94eff1b4ce1d48169debc969553a2dff
faceaccessory-306,faceaccessory,매우 반짝이는 코,c79e9c3675f649278b15e7ed009e8c6b
faceaccessory-152,faceaccessory,많이 반짝이는 코,6bacdde7fd664a56bf14550ff78596e9
faceaccessory-250,faceaccessory,조금 반짝이는 코,a3eec27564884fca9c8ec9c043897445
faceaccessory-29,faceaccessory,루돌프의 빛나는 코,15edc5931be146589b3c084c3d147793
faceaccessory-111,faceaccessory,루돌프의 빨간코,51cc088e945a42678b22644f34c97dd1
faceaccessory-171,faceaccessory,장난감 코,78d3251a85f4499fb2cc24a6dc54b50a
faceaccessory-278,faceaccessory,플라워 타투,b3ceea37e29b48619b58e197fc1e102c
faceaccessory-295,faceaccessory,아카이럼의 수염,bd28d3913dcb4fc58ac5fe36a5712e37
faceaccessory-332,faceaccessory,미스틱 얼굴장식,d3c40528d01a492ea2b9fdb806826f34
faceaccessory-342,faceaccessory,발굴된 유물 장식,db7197c6ce74448bb53fed0fe85e32cc
faceaccessory-31,faceaccessory,발렌타인 달콤한 초코,17b78ba059ff485ba01c57c7445ae96a
faceaccessory-196,faceaccessory,두근두근 첫사랑,887323b9ab2b468c88f833af955a01f9
faceaccessory-234,faceaccessory,다크 프리미엄 심볼,9c5b9ca8edfa44ab87cf549837d04c42
faceaccessory-58,faceaccessory,화이트 프리미엄 심볼,2a35634565af474a851db265b4508bed
faceaccessory-224,faceaccessory,얼음결정 페이스페인팅,9703765bcf92427ba71f1ca9b9c305d6
faceaccessory-82,faceaccessory,마족의 표식5,3c263c8ee97149c6af7f98c1336393cc
faceaccessory-18,faceaccessory,마족의 표식4,0f603b7169544f928aa7ffef687bb283
faceaccessory-91,faceaccessory,마족의 표식3,4398c209b2f845fa8324a5a4accae002
faceaccessory-55,faceaccessory,마족의 표식1,296f5cc6156047c781d882953bc52049
faceaccessory-173,faceaccessory,슈피겔만의 콧수염,7af94ef0bb5540e6aa0d60891b3f5a18
faceaccessory-141,faceaccessory,라이징 썬 페이스페인팅,6574dc9ff20e4c69a354582208b583c1
faceaccessory-391,faceaccessory,샤이니 레드 워리어 심볼,f7add38248bf431cafe0195ea17d288c
faceaccessory-355,faceaccessory,샤이니 블루 워리어 심볼,e2c4143ef80c4754becba68c0f1fc6c0
faceaccessory-330,faceaccessory,샤이니 그레이 워리어 심볼,d249a9c47f4b4448878e6cc109777a6d
faceaccessory-156,faceaccessory,레드 워리어 심볼,6e7f6fe2067a492eaf12b9af5b197365
faceaccessory-361,faceaccessory,블루 워리어 심볼,e54edb0ac7f64b40b9101005fcf81ebb
faceaccessory-122,faceaccessory,그레이 워리어 심볼,592073d3e35242f2b71d47733cf6f67e
faceaccessory-21,faceaccessory,토끼풀 스티커,128631025eed41bc9c9235c11df2c986
faceaccessory-390,faceaccessory,나리 스티커,f767828650f84f3484d13343eb53dc8e
faceaccessory-300,faceaccessory,달래 스티커,c02250e63b5d41ab84c71fbbab1d1f23
faceaccessory-285,faceaccessory,스타 페이스 페인팅,b6956cecfdaa479b8d03adf9fadd5a93
faceaccessory-69,faceaccessory,삐약삐약 얼굴장식,333004ea6cbd4362bd3e51a20b6dc2eb
faceaccessory-124,faceaccessory,인형핑크,596edea42c3d47728eba0df82bfe1deb
faceaccessory-3,faceaccessory,귀까지 빨개,02cbd511a2da46c09770abfa7d229651
faceaccessory-83,faceaccessory,도톰한 입술,3d19de65ad1445a49f3f94f7cb8e0811
faceaccessory-397,faceaccessory,식은땀,fb70006994bf4421b677fcb1464dda4c
faceaccessory-66,faceaccessory,메롱,2e68857d708d478a8222f550e936f565
faceaccessory-118,faceaccessory,마일드핑크 립스틱,564a8b8e76a14c31aa4da675d9182383
faceaccessory-396,faceaccessory,힘센 피노키오 코,fb8444ed73364cf497f4ecf2bcc9243e
faceaccessory-74,faceaccessory,반달 홍조,35f05a7f424941bca510064cd39c872b
faceaccessory-381,faceaccessory,절망,f248770427174868a5230dd4b71243db
faceaccessory-395,faceaccessory,분노,f9e95935e91a4264a2a3ad63bb90222f
faceaccessory-86,faceaccessory,커다란 흉터,3fa05f5c6e4d4385b12dfd419771a134
faceaccessory-231,faceaccessory,백작님 수염,9bae44eb6f6f4cf6b926d2601e6e7b75
faceaccessory-274,faceaccessory,눈 흉터,b2ef2c4c4d4b4c8c8d01aa8a7e9f538a
faceaccessory-60,faceaccessory,홍조,2be507bf309244daaceeeaba275bc2a3
faceaccessory-243,faceaccessory,관우 수염,9f1009721bca4a8694717a50e30016ad
faceaccessory-398,faceaccessory,인디언 페인팅,fc462cb91efc4e55ac16d8947805dc74
faceaccessory-275,faceaccessory,엘레강스 수염,b2d64ed8f867478f8d96486654fa5716
faceaccessory-324,faceaccessory,키스 마크,cfddad44690f431fb8cdb6e1eea0a023
faceaccessory-85,faceaccessory,산타 수염,3e5b85f1478d47c78687814b3bd1a265
faceaccessory-174,faceaccessory,멍,7b3268e8d1f54bd98436d50d1be94817
faceaccessory-57,faceaccessory,안면위장,2a2383e7ca9a4b07bd9bb6c0f8d9fb52
faceaccessory-245,faceaccessory,연지곤지,9fc1e1b5f5dc49189a6814a8faa8a992
faceaccessory-227,faceaccessory,빈디,99892294860849bf92289927f99f9268
faceaccessory-317,faceaccessory,바람의 흉터,ce366a4eff0c4286b8efb61032693047
faceaccessory-186,faceaccessory,아련한 메이크업,82fac5f38169476899bfbd5728f48f3a
faceaccessory-126,faceaccessory,주근깨,5af27da3ca654f5ab0c84fde64d29588
faceaccessory-358,faceaccessory,하트마크,e518b72565824c8fa4797a0aa0fe19ea
faceaccessory-170,faceaccessory,차가운 메이크업,77d81af275ba4257bf20810317a89480
faceaccessory-56,faceaccessory,야쿠자 흉터,29c3158d97b6495eafea65484e627ef5
faceaccessory-319,faceaccessory,면도자국,ce6a1b2374994840b9c58935dbf49258
faceaccessory-106,faceaccessory,동그란 수염,4da871ab2b9d40f4a80e89904e5ccd4d
faceaccessory-270,faceaccessory,갈색 턱수염,b0c0899f44614a8086ff3c6ea8eeeea1
eyeaccessory-168,eyeaccessory,낭만 동글이 안경,aede5d9f241d42eab4666466bd73eb10
eyeaccessory-165,eyeaccessory,별의 계약자,0f1124d8b0d1413c89ffc16119bc007e
eyeaccessory-72,eyeaccessory,동글이 안경,7f0d3f6dd2be49e38fe3b3fc14391da0
eyeaccessory-59,eyeaccessory,바나나 안경,6db15292b8fc463987d01d101a99e722
eyeaccessory-118,eyeaccessory,개인정보 보호막대,b7c1c20cc9324531981cd781c24667ea
eyeaccessory-30,eyeaccessory,3D 글래스,35fb7ea1df57482b8e1e8289110dbb2c
eyeaccessory-31,eyeaccessory,뭐요! 안대,37b95d10639249cfb79926ac0a34a144
eyeaccessory-171,eyeaccessory,견습 도사의 흉터,e3846cade85f4a04a603a9a8f5f705d4
eyeaccessory-11,eyeaccessory,파풀라투스 마크,0df5bbfd751541008a96b4214376e130
eyeaccessory-94,eyeaccessory,코야코야 안대,a0b5a95479a84c62b009b767c1dd50cf
eyeaccessory-116,eyeaccessory,스카우터,b7725eda275346708bffd10aadb0817c
eyeaccessory-126,eyeaccessory,페어리 마크,c737cbb15be24793894d56bcf36eb5f6
eyeaccessory-17,eyeaccessory,까만 선글래스,1716c5fce0c2458eaafe1f4ca36b283c
eyeaccessory-24,eyeaccessory,블랙빈 마크,2cbe91358be7480ca8eab5a95394afcb
eyeaccessory-14,eyeaccessory,아쿠아틱 레터 눈장식,1251e1bd056646ada629cf098838c617
eyeaccessory-98,eyeaccessory,에볼루션 선글라스,a35e5e14d33148bda0634be9173749df
eyeaccessory-27,eyeaccessory,외눈안대,2fabe03b138a4291901711e61b838011
eyeaccessory-105,eyeaccessory,카오스 핑크빈 마크,aae9a2f5d4514b8597b5b6a445fb6a62
eyeaccessory-5,eyeaccessory,발굴된 유물 안경,042d873672254e3dabb882c396dcb7cd
eyeaccessory-137,eyeaccessory,세인트 세이버 고글,d1e5add32501438ea522c31cd95c6321
eyeaccessory-46,eyeaccessory,어눌한 팬더 장식,5b1774815a7a41ac9807bc3a4fdf4bae
eyeaccessory-28,eyeaccessory,소공의 팬더 장식,2ffe5adf7ac44a5f907e939bbac2ec75
eyeaccessory-2,eyeaccessory,엘븐 글래스,0209fe5e1cce4e37a260a16948fa8bc8
eyeaccessory-54,eyeaccessory,켄타의 물안경,69d109835ebb434ab24c69ae547e3bd3
eyeaccessory-95,eyeaccessory,여행자의 윙글래스,a21d18eed6964aa796d9ea0672e33700
eyeaccessory-67,eyeaccessory,오닉스 드래곤 안경,77c3d1c5e8464336a062e3394a1a933c
eyeaccessory-40,eyeaccessory,미카엘라의 안경,4934c386b51f43a49986f111156a4704
eyeaccessory-160,eyeaccessory,미카엘의 안경,fb566010625a421c8b20a62a4956caf9
eyeaccessory-35,eyeaccessory,드래곤 안경,3bf2733c365d4baa9a2ff90ca7d0e51e
eyeaccessory-63,eyeaccessory,고고학자의 안경,70b961ca96a445f89575a7e3957ac8e0
eyeaccessory-18,eyeaccessory,가가 안경,19d3285ee2b44cb78dc128f8e8467028
eyeaccessory-51,eyeaccessory,금이 간 안경,6374adc25b004cc98b6b7104bf73f669
eyeaccessory-65,eyeaccessory,옐로우 쉐이드,744908cc2c864fee8b202948a1c2f7f1
eyeaccessory-152,eyeaccessory,핑크 쉐이드,edbad610a7f64c95ae262b0fd3e55a39
eyeaccessory-41,eyeaccessory,그린 쉐이드,49cea7e3508d40e68b13417b1ea7d83e
eyeaccessory-139,eyeaccessory,오렌지 쉐이드,d42eee7ed0e34315a50ec4a05d808400
eyeaccessory-15,eyeaccessory,화이트 쉐이드,15da84ca049a44d9b5009307ef08cbed
eyeaccessory-38,eyeaccessory,빅 선글라스,406826fa24cf43238473c910b48c19c0
eyeaccessory-99,eyeaccessory,플랫 미니 글라스,a6dea1280e7949588bf552395bbeaad8
eyeaccessory-97,eyeaccessory,블랙 썬그라스,a2ecfd565d854d62b906f83d6f692c58
eyeaccessory-109,eyeaccessory,밀키레드 글라스,b1dc096f52bd4afaadf803f7785a8e30
eyeaccessory-45,eyeaccessory,핑크색 선글라스,5abcea493ac947b5bebc8907687e8c1b
eyeaccessory-77,eyeaccessory,스타일리쉬 레이벤 안경,8861745712284537a1ab457f1dfc145d
eyeaccessory-42,eyeaccessory,미스틱퍼플 글라스,4e4fb61e9c4e4eaba8d475103a4e24ae
eyeaccessory-112,eyeaccessory,레이저 안경,b48937a169b9464c83e6871a84aef641
eyeaccessory-108,eyeaccessory,빨간 반무테 안경,b05fc021b6a54048a6dd9628920a5c51
eyeaccessory-13,eyeaccessory,빈티지 스타일 안경,11d010b90c2f47a7977ec59517c0bd3a
eyeaccessory-111,eyeaccessory,초록 뿔테 안경,b3b50d5bd8a348318f3fbab80730de08
eyeaccessory-32,eyeaccessory,눈가리개,38fe7cfb9d854cb18ce51d4ef9b6b1b5
eyeaccessory-142,eyeaccessory,모범생 안경,db72120928734b11b8e2638feee7126f
eyeaccessory-26,eyeaccessory,붕대,2ed2338200bb450093e34c0ef517fbf2
eyeaccessory-115,eyeaccessory,스카우터,b6ea4877c7d440598cbf813f6a445410
eyeaccessory-121,eyeaccessory,패션 선글라스,c35a5e09e04f45ccb934a13631b38eea
eyeaccessory-128,eyeaccessory,모노클,cbedee48b1a44b1b8275f273e8d58fdf
eyeaccessory-58,eyeaccessory,주황색 떙글이 선글라스,6df01718956e47d99dc7d7fcf7c66ecf
eyeaccessory-114,eyeaccessory,보라색 땡글이 선글라스,b5dd7fcf29684cffb527f499e2cb98d0
eyeaccessory-76,eyeaccessory,무테안경,85daf7df748d4732987f35e7b6a40ce6
eyeaccessory-117,eyeaccessory,그린 스포츠고글,b78b424cf0f54e81b22ccf549add3d97
eyeaccessory-84,eyeaccessory,오렌지 스포츠고글,939ece7763eb47d19b274171623a286d
eyeaccessory-123,eyeaccessory,괴인 안경,c4eb667fee564b34be22b86d0f3ce521
eyeaccessory-37,eyeaccessory,홈즈 안경,3f6e307aa19e459e8772513dea40831e
eyeaccessory-136,eyeaccessory,위생 안경,d179e53b7f524363b0f36a2d27a2eaf9
eyeaccessory-47,eyeaccessory,레드 메탈 고글,5c13f2a892d84350ab5a14906d3cfb4b
eyeaccessory-135,eyeaccessory,샐러리맨안경,d078fb496a594f13b67b90df72951988
eyeaccessory-33,eyeaccessory,머스커레이드,39c4f9ab1fe44d609e8a45dacc77d6e1
eyeaccessory-85,eyeaccessory,퍼플 레이벤 선글라스,96be212fcfcb4f0daf8adec2a846613b
eyeaccessory-156,eyeaccessory,블루 레이벤 선글라스,f1eb691ec22f4b7a9689c79d0087913c
eyeaccessory-90,eyeaccessory,블랙 레이벤 선글라스,9c8a2b8558df428c8f7066511b6ae598
eyeaccessory-140,eyeaccessory,브라운 레이벤 선글라스,d8185fe343684ea1a71b712f516fba5c
eyeaccessory-93,eyeaccessory,주황색 뿔테 안경,9e372a9e6ad541a8922b04d2d928983e
eyeaccessory-149,eyeaccessory,초록색 뿔테 안경,e879fd1f31d64927b1a5b206de233085
eyeaccessory-157,eyeaccessory,파란색 뿔테 안경,f48011eff6d840178a1ed238c2368bcc
eyeaccessory-127,eyeaccessory,빨간색 뿔테 안경,cae483ace58d4fcd869d10b59209bb42
eyeaccessory-79,eyeaccessory,초록색 안경,8adc9f828a67495f9ff6082ad97cdf7d
eyeaccessory-134,eyeaccessory,노란색 안경,d052bb44d8484ef5a6e25b5a594e2d60
eyeaccessory-88,eyeaccessory,파란색 안경,9a901465d6bc40a79de987cc14f6aeea
eyeaccessory-50,eyeaccessory,주황색 안경,60c07c7f16a14a77a2c232e2c79adfcf
earaccessory-42,earaccessory,추 귀고리,568d83943c74456680788e184819b1ab
earaccessory-31,earaccessory,한쪽 은 귀고리,42998039a9db44c3a4fb866967748ee8
earaccessory-18,earaccessory,사파이어 귀고리,2193c7293fb244d4a4b1d91e7a6004d9
earaccessory-51,earaccessory,자수정 귀고리,62d38d3d1bfb4412a7ccd9f169b1a142
earaccessory-100,earaccessory,금 링 귀고리,c57b8ebe33d749499aedb23be21e4d51
earaccessory-112,earaccessory,번개 귀고리,d6a4677ff3744ad6bf9bb56d56f61425
earaccessory-113,earaccessory,에메랄드 귀고리,d6a51a1eea7e43048031fff6dbccb574
earaccessory-40,earaccessory,캣츠 아이,528fe0653f4a4e6c8d3b1f2686c8b87e
earaccessory-103,earaccessory,옐로우 스퀘어,ca0abe0d412e4f48a646e1c8ee676cc6
earaccessory-91,earaccessory,별 귀고리,b743b0022ca0442face6140b88054548
earaccessory-13,earaccessory,블루 문,1930b885522f4328975d192b7e3974f2
earaccessory-87,earaccessory,해골 귀고리,afa4a86f477d452d9166763c9669c5f5
earaccessory-64,earaccessory,빨간하트 귀고리,84c16d587fbc465fbb4beee1e8bf27bc
earaccessory-117,earaccessory,분홍꽃 귀고리,da4b6d468e254c6d83dd76e1c386753e
earaccessory-111,earaccessory,메탈실버 이어링,d5c8e1a3a69b4198870295e27503cde3
earaccessory-58,earaccessory,메탈하트 이어링,7acc2184f2b84e338358d2b6bd5f2291
earaccessory-27,earaccessory,장미꽃 귀고리,39a3321d6590490ca2a6338b5cd54b35
onehandedweapon-1426,onehandedweapon,표고버섯,e9b775b98f2b4dcb98897b32d0746e68
onehandedweapon-1411,onehandedweapon,독버섯,e637c1288b674bde8f0e943357e5495a
onehandedweapon-1454,onehandedweapon,하트 완드,f22b06b1abd84be08503932b2d3c839b
onehandedweapon-283,onehandedweapon,아이언 대거,e7b009cc5c22413db76cdf0659de708a
onehandedweapon-1453,onehandedweapon,사각 강철 야삽,f1b86bd8137f42ee99847b0079a16bce
onehandedweapon-1416,onehandedweapon,철근 해머,e81494f52dbb4c3591f41d966eb1592e
onehandedweapon-1173,onehandedweapon,사파이어 스태프,b47b6e1819234198ad5c0b73fa05126d
onehandedweapon-1029,onehandedweapon,페트병,94ac9ccd9e1746f7bdf7f79392550312
onehandedweapon-1279,onehandedweapon,프라이팬,cc3dafb286da4862b6c67279876370c9
onehandedweapon-1227,onehandedweapon,뚜러,c12837122ed146aeb8f6a82bcccf9bef
onehandedweapon-1017,onehandedweapon,007 가방,920e633e3e3e4984a32ffb964885a443
onehandedweapon-1159,onehandedweapon,쇠파이프,b0b42d4b714f4115ae4b1b4c40de2fbe
onehandedweapon-1295,onehandedweapon,몽둥이,ce073997978f4248b03c628dad9bbe11
onehandedweapon-1079,onehandedweapon,죽도,9fe4b7743e5b4be8853b44624f81f1d0
onehandedweapon-1120,onehandedweapon,붉은 채찍,a9a329f2760e469bbbc4e87dcba14e20
onehandedweapon-1310,onehandedweapon,톱,d18bed85af864edea3e06a53dfd9a283
onehandedweapon-512,onehandedweapon,고목나무 스태프,2bb5fd1f15984d6b8ae81e9dd7a5cba9
onehandedweapon-803,onehandedweapon,자쿰의 나뭇가지,66f0427e33a04e7dbfa280ec19541452
onehandedweapon-340,onehandedweapon,우드 완드,061712eadf7d4357a6c306dfd5368860
onehandedweapon-496,onehandedweapon,세계의 돼지도감,2624564341df4fcaaba59ab3b7f9baef
onehandedweapon-579,onehandedweapon,빨간 벽돌,384de1d5a70747a4b356484cf2753b5f
onehandedweapon-729,onehandedweapon,삼각 강철 야삽,5803e76509014a149c11c07022ffae1c
onehandedweapon-361,onehandedweapon,가죽 핸드백,0b8c51f7228447829a15df0f0cd9fc4d
onehandedweapon-804,onehandedweapon,막대 사탕,66fc1d330c0e44a78b663433825a5a48
onehandedweapon-665,onehandedweapon,신문지 칼,48e0a6d986534630b3a7a8193493fb64
onehandedweapon-846,onehandedweapon,연두색 우산,71777a45aed14fb5b463e01790091c5c
onehandedweapon-630,onehandedweapon,빨강 우산,41f29f36d5924b2292a24e74dcc04e9e
onehandedweapon-476,onehandedweapon,하늘색 우산,233030e2dbe342dd95f28dc323a069bd
onehandedweapon-955,onehandedweapon,노란색 우산,8668230e7f024e21997ad7f0518db3e3
onehandedweapon-773,onehandedweapon,베이지 우산,6089a3f4e8e64cfca32824c3d1c96847
onehandedweapon-346,onehandedweapon,피코피코해머,08171bf93fac4ad4a914409d44865283
twohandedweapon-1463,twohandedweapon,메이플 스노우보드,9606e0bb0be24fada349ca29cfd8c304
twohandedweapon-1346,twohandedweapon,실버 스노우보드,7e8badc3289b4fc2a7c2bf6eaa23448f
twohandedweapon-1159,twohandedweapon,스카이 스노우보드,1d285f0b0b1749b9a8e94ac5da2ce55a
twohandedweapon-1181,twohandedweapon,골든 스노우보드,b3677ab468af49f4a8881986c7d2daba
twohandedweapon-776,twohandedweapon,슈퍼 스노우보드,0efe1d6e7a9649edbd998980126c5031
twohandedweapon-477,twohandedweapon,블러드 스노우보드,cfd5d35d6282461996b9fb1a0995eb8f
twohandedweapon-617,twohandedweapon,다크 스노우보드,61874d6f2a5645a8aac63b3c7a4b730f
twohandedweapon-920,twohandedweapon,아쿠아 스노우보드,088a95bada0c4b4f954b53ba7b4f0ef3
twohandedweapon-1086,twohandedweapon,서핑보드,9d607c6996a243b4bc60fdb5d04cec68
twohandedweapon-1348,twohandedweapon,검은색 서핑보드,df64cb9df44248d6ac93de67b65d1c81
twohandedweapon-1058,twohandedweapon,황금색 서핑보드,96600b9ca3624fd991a04f953274bcdd
twohandedweapon-793,twohandedweapon,초록색 서핑보드,51b47f8a7a074e8f8bee6e0f8d5581c9
twohandedweapon-728,twohandedweapon,빨간색 서핑보드,3fdecf75010a425bbcd3090f3567d043
twohandedweapon-1201,twohandedweapon,지저분한 대걸레,baa48f0725cb42c997f7d13419097cec
twohandedweapon-1242,twohandedweapon,흰색 대걸레,c307568066cd4e6bbba3048863948360
twohandedweapon-651,twohandedweapon,남색 대걸레,2e9d5dc48fc14424b165e13b644583e9
twohandedweapon-803,twohandedweapon,노란 대걸레,542c03dbbe90402e848325b3a7b52551
twohandedweapon-1199,twohandedweapon,스키 그린,ba98b1ccf6274c3d8e649f927afe3ccf
twohandedweapon-598,twohandedweapon,스키 스카이,2246dce4af2c45549fc00e4821fb6d7d
twohandedweapon-540,twohandedweapon,스키 오렌지,17024ff431844e45bb6405d428113dff
twohandedweapon-696,twohandedweapon,스키 레드,3a1d321ea80f4ffd908f876f706b4973
twohandedweapon-1442,twohandedweapon,낚시대,f5a279e6b90449268ab74c7a59e0db42
twohandedweapon-1407,twohandedweapon,죽창,ead37244e3c14a4ca48b2b053c6ee405
twohandedweapon-282,twohandedweapon,스틸 너클,9c03a78d2caf49a982a1d4b1d924cee4
twohandedweapon-1132,twohandedweapon,냉동참치,a86b685ebf3b48ca9dc0cc4ae9ab10d6
twohandedweapon-653,twohandedweapon,사케,2ef73f80159047a0be5cc0c00a50246a
twohandedweapon-1020,twohandedweapon,물고기 작살,8ba4ad38509b4d12911af317bba36fc9
twohandedweapon-1160,twohandedweapon,강철구 망치,afa0b6e01e5c41d29789796905547bcd
twohandedweapon-1210,twohandedweapon,환목검,bc5de7124e584423b6bbc33cbf3a65c1
twohandedweapon-756,twohandedweapon,빅해머,47177796f6964727a15e9bf30ca3b1e3
twohandedweapon-546,twohandedweapon,곡괭이,18a44a9f39a94633b56902492e5b7da6
twohandedweapon-851,twohandedweapon,몽키 스페너,5dd6b773641f46689ddc5b20e9970507
twohandedweapon-782,twohandedweapon,사각 망치,4f3b9177598349f99ebfc56f286407d5
twohandedweapon-709,twohandedweapon,나무 망치,3c9b8138ca4f41a299065f744130f748
twohandedweapon-637,twohandedweapon,쇠 도끼,2b9abd017fa44d808a5d207424be3aac
twohandedweapon-748,twohandedweapon,알루미늄 야구 방망이,44890e5f2d884429ace46c5eabe25cef
twohandedweapon-904,twohandedweapon,나무 야구 방망이,6b1dbe85fcd240948afa5538451d14d6
twohandedweapon-1555,twohandedweapon,목검,d4771006b90f4c8681072cd125bb7041
twohandedweapon-666,twohandedweapon,참마도,33f6ddf5a9c942b19de5d8fb18c041a0
shield-76,subweapon,냄비 뚜껑,cac1c0e955b541ca9e7c766a9a4b57c5
shield-44,subweapon,사각 나무 방패,7d4cc6871503458bb8de7576c7047ef3
subweapon-53,subweapon,무명도,65bce271cea847b2b9ddbdc80c79a355
ear-5,ear,하이 레프 귀,f11aa974673f4722b6830fae9acc9041
ear-6,ear,인간 귀,279b4de94cf8460a98ce25e86bbbb5df
ear-10,ear,우드 레프 귀,de06c3d28f6047008264755f841f28a2
ear-12,ear,엘프 귀,40eac2af3a4b4799b6ca4fb871da5d26
body-1,body,뽀송 꽃잎 피부,04e82396b2ba40ab9d860f993447f3eb
body-2,body,고져스 피부,2f62f3dbbbcb4809ae353831a4d62c5e
body-3,body,크림 피부,3cf4cb29ae344577b9eed37e531688a4
body-4,body,헬시 피부,504244b76e654f5db23dc62693106bc8
body-5,body,밀키 피부,5b510a5cb03b4ba9bfe1b1666b17b2cf
body-6,body,엘프 피부,7a420535a9bb41a1ae2d129576fdb383
body-7,body,태닝 피부,a7df8f459b2348f5ab88ee3fa0b1de05
body-8,body,홍조 꽃잎 피부,b103dbf5d7a741e4ba61ddb44d73966b
body-9,body,스산 피부,b9c5c60cb0b8447caa6ac87db8c04ac2
body-10,body,노블레스 피부,bc8a35363dfd4d1ba6bb8c1ea67abd20
body-11,body,데모닉 피부,cac5feea57f84e7281e10fcce190b648
body-12,body,창백 피부,f3ab6f5110294f03925699374cc467ac
body-13,body,뽀송 라벤더 피부,02daf02e8a8649318cd006c92beaa486
body-14,body,은구슬 피부,ac753a90b98143db83b176ee59fd8237
body-15,body,금구슬 피부,b65a754c25174b10a24d0288ca0468a0
body-16,body,홍조 라벤더 피부,d2bb955141df400bb5acf8891cfe37ce
body-17,body,동구슬 피부,d7f9df9ca6a54191ad01096b93680b0a
body-18,body,옥구슬 피부,e3927c5826b740b699b577c671d95d4f
